"module name","license","repository"
"@auth/core@0.37.4","ISC","https://github.com/nextauthjs/next-auth"
"@auth/prisma-adapter@2.7.4","ISC","https://github.com/nextauthjs/next-auth"
"@azure-rest/core-client@2.5.0","MIT","https://github.com/Azure/azure-sdk-for-js"
"@azure/abort-controller@2.1.2","MIT","https://github.com/Azure/azure-sdk-for-js"
"@azure/core-auth@1.10.0","MIT","https://github.com/Azure/azure-sdk-for-js"
"@azure/core-client@1.10.0","MIT","https://github.com/Azure/azure-sdk-for-js"
"@azure/core-http-compat@2.3.0","MIT","https://github.com/Azure/azure-sdk-for-js"
"@azure/core-lro@2.7.2","MIT","https://github.com/Azure/azure-sdk-for-js"
"@azure/core-paging@1.6.2","MIT","https://github.com/Azure/azure-sdk-for-js"
"@azure/core-rest-pipeline@1.22.0","MIT","https://github.com/Azure/azure-sdk-for-js"
"@azure/core-tracing@1.3.0","MIT","https://github.com/Azure/azure-sdk-for-js"
"@azure/core-util@1.13.0","MIT","https://github.com/Azure/azure-sdk-for-js"
"@azure/core-xml@1.5.0","MIT","https://github.com/Azure/azure-sdk-for-js"
"@azure/identity@4.10.2","MIT","https://github.com/Azure/azure-sdk-for-js"
"@azure/keyvault-common@2.0.0","MIT","https://github.com/Azure/azure-sdk-for-js"
"@azure/keyvault-keys@4.10.0","MIT","https://github.com/Azure/azure-sdk-for-js"
"@azure/logger@1.3.0","MIT","https://github.com/Azure/azure-sdk-for-js"
"@azure/monitor-opentelemetry-exporter@1.0.0-beta.32","MIT","https://github.com/Azure/azure-sdk-for-js"
"@azure/msal-browser@4.16.0","MIT","https://github.com/AzureAD/microsoft-authentication-library-for-js"
"@azure/msal-common@15.9.0","MIT","https://github.com/AzureAD/microsoft-authentication-library-for-js"
"@azure/msal-node@3.6.4","MIT","https://github.com/AzureAD/microsoft-authentication-library-for-js"
"@azure/storage-blob@12.27.0","MIT","https://github.com/Azure/azure-sdk-for-js"
"@babel/code-frame@7.26.2","MIT","https://github.com/babel/babel"
"@babel/generator@7.26.2","MIT","https://github.com/babel/babel"
"@babel/helper-module-imports@7.25.9","MIT","https://github.com/babel/babel"
"@babel/helper-string-parser@7.25.9","MIT","https://github.com/babel/babel"
"@babel/helper-validator-identifier@7.25.9","MIT","https://github.com/babel/babel"
"@babel/parser@7.26.2","MIT","https://github.com/babel/babel"
"@babel/runtime@7.26.0","MIT","https://github.com/babel/babel"
"@babel/template@7.25.9","MIT","https://github.com/babel/babel"
"@babel/traverse@7.25.9","MIT","https://github.com/babel/babel"
"@babel/types@7.26.0","MIT","https://github.com/babel/babel"
"@cesium/engine@17.0.0","Apache-2.0","https://github.com/CesiumGS/cesium"
"@cesium/widgets@12.0.0","Apache-2.0","https://github.com/CesiumGS/cesium"
"@chevrotain/cst-dts-gen@10.4.2","Apache-2.0","https://github.com/Chevrotain/chevrotain"
"@chevrotain/gast@10.4.2","Apache-2.0","https://github.com/Chevrotain/chevrotain"
"@chevrotain/types@10.4.2","Apache-2.0","https://github.com/Chevrotain/chevrotain"
"@chevrotain/utils@10.4.2","Apache-2.0","https://github.com/Chevrotain/chevrotain"
"@commitlint/cli@19.6.0","MIT","https://github.com/conventional-changelog/commitlint"
"@commitlint/config-conventional@19.6.0","MIT","https://github.com/conventional-changelog/commitlint"
"@commitlint/config-validator@19.5.0","MIT","https://github.com/conventional-changelog/commitlint"
"@commitlint/ensure@19.5.0","MIT","https://github.com/conventional-changelog/commitlint"
"@commitlint/execute-rule@19.5.0","MIT","https://github.com/conventional-changelog/commitlint"
"@commitlint/format@19.5.0","MIT","https://github.com/conventional-changelog/commitlint"
"@commitlint/is-ignored@19.6.0","MIT","https://github.com/conventional-changelog/commitlint"
"@commitlint/lint@19.6.0","MIT","https://github.com/conventional-changelog/commitlint"
"@commitlint/load@19.5.0","MIT","https://github.com/conventional-changelog/commitlint"
"@commitlint/message@19.5.0","MIT","https://github.com/conventional-changelog/commitlint"
"@commitlint/parse@19.5.0","MIT","https://github.com/conventional-changelog/commitlint"
"@commitlint/read@19.5.0","MIT","https://github.com/conventional-changelog/commitlint"
"@commitlint/resolve-extends@19.5.0","MIT","https://github.com/conventional-changelog/commitlint"
"@commitlint/rules@19.6.0","MIT","https://github.com/conventional-changelog/commitlint"
"@commitlint/to-lines@19.5.0","MIT","https://github.com/conventional-changelog/commitlint"
"@commitlint/top-level@19.5.0","MIT","https://github.com/conventional-changelog/commitlint"
"@commitlint/types@19.5.0","MIT","https://github.com/conventional-changelog/commitlint"
"@csi-foxbyte/prisma-mssql-realtime-extension@0.0.5","ISC",""
"@emotion/babel-plugin@11.13.5","MIT","https://github.com/emotion-js/emotion/tree/main/packages/babel-plugin"
"@emotion/cache@11.13.5","MIT","https://github.com/emotion-js/emotion/tree/main/packages/cache"
"@emotion/hash@0.9.2","MIT","https://github.com/emotion-js/emotion/tree/main/packages/hash"
"@emotion/is-prop-valid@1.3.1","MIT","https://github.com/emotion-js/emotion/tree/main/packages/is-prop-valid"
"@emotion/memoize@0.9.0","MIT","https://github.com/emotion-js/emotion/tree/main/packages/memoize"
"@emotion/react@11.14.0","MIT","https://github.com/emotion-js/emotion/tree/main/packages/react"
"@emotion/serialize@1.3.3","MIT","https://github.com/emotion-js/emotion/tree/main/packages/serialize"
"@emotion/sheet@1.4.0","MIT","https://github.com/emotion-js/emotion/tree/main/packages/sheet"
"@emotion/styled@11.13.5","MIT","https://github.com/emotion-js/emotion/tree/main/packages/styled"
"@emotion/unitless@0.10.0","MIT","https://github.com/emotion-js/emotion/tree/main/packages/unitless"
"@emotion/use-insertion-effect-with-fallbacks@1.2.0","MIT","https://github.com/emotion-js/emotion/tree/main/packages/use-insertion-effect-with-fallbacks"
"@emotion/utils@1.4.2","MIT","https://github.com/emotion-js/emotion/tree/main/packages/utils"
"@emotion/weak-memoize@0.4.0","MIT","https://github.com/emotion-js/emotion/tree/main/packages/weak-memoize"
"@esbuild/win32-x64@0.23.1","MIT","https://github.com/evanw/esbuild"
"@eslint-community/eslint-utils@4.4.1","MIT","https://github.com/eslint-community/eslint-utils"
"@eslint-community/regexpp@4.12.1","MIT","https://github.com/eslint-community/regexpp"
"@eslint/eslintrc@2.1.4","MIT","https://github.com/eslint/eslintrc"
"@eslint/js@8.57.1","MIT","https://github.com/eslint/eslint"
"@faker-js/faker@9.3.0","MIT","https://github.com/faker-js/faker"
"@fast-csv/format@4.3.5","MIT","https://github.com/C2FO/fast-csv"
"@fast-csv/parse@4.3.6","MIT","https://github.com/C2FO/fast-csv"
"@formatjs/ecma402-abstract@2.2.4","MIT","https://github.com/formatjs/formatjs"
"@formatjs/fast-memoize@2.2.3","MIT","https://github.com/formatjs/formatjs"
"@formatjs/icu-messageformat-parser@2.9.4","MIT","https://github.com/formatjs/formatjs"
"@formatjs/icu-skeleton-parser@1.8.8","MIT","https://github.com/formatjs/formatjs"
"@formatjs/intl-localematcher@0.5.8","MIT","https://github.com/formatjs/formatjs"
"@humanwhocodes/config-array@0.13.0","Apache-2.0","https://github.com/humanwhocodes/config-array"
"@humanwhocodes/module-importer@1.0.1","Apache-2.0","https://github.com/humanwhocodes/module-importer"
"@humanwhocodes/object-schema@2.0.3","BSD-3-Clause","https://github.com/humanwhocodes/object-schema"
"@img/sharp-win32-x64@0.34.2","Apache-2.0 AND LGPL-3.0-or-later","https://github.com/lovell/sharp"
"@ioredis/commands@1.2.0","MIT","https://github.com/ioredis/commands"
"@isaacs/balanced-match@4.0.1","MIT","https://github.com/isaacs/balanced-match"
"@isaacs/brace-expansion@5.0.0","MIT",""
"@isaacs/cliui@8.0.2","ISC","https://github.com/yargs/cliui"
"@jridgewell/gen-mapping@0.3.5","MIT","https://github.com/jridgewell/gen-mapping"
"@jridgewell/resolve-uri@3.1.2","MIT","https://github.com/jridgewell/resolve-uri"
"@jridgewell/set-array@1.2.1","MIT","https://github.com/jridgewell/set-array"
"@jridgewell/sourcemap-codec@1.5.0","MIT","https://github.com/jridgewell/sourcemap-codec"
"@jridgewell/trace-mapping@0.3.25","MIT","https://github.com/jridgewell/trace-mapping"
"@js-joda/core@5.6.5","BSD-3-Clause","https://github.com/js-joda/js-joda"
"@lukeed/csprng@1.1.0","MIT","https://github.com/lukeed/csprng"
"@mdx-js/loader@3.1.1","MIT","https://github.com/mdx-js/mdx"
"@mdx-js/react@3.1.1","MIT","https://github.com/mdx-js/mdx"
"@msgpackr-extract/msgpackr-extract-win32-x64@3.0.3","MIT","https://github.com/kriszyp/msgpackr-extract"
"@mui/core-downloads-tracker@7.1.1","MIT","https://github.com/mui/material-ui"
"@mui/icons-material@6.1.9","MIT","https://github.com/mui/material-ui"
"@mui/lab@7.0.0-beta.12","MIT","https://github.com/mui/material-ui"
"@mui/material-nextjs@7.1.1","MIT","https://github.com/mui/material-ui"
"@mui/material@7.1.1","MIT","https://github.com/mui/material-ui"
"@mui/private-theming@7.1.0","MIT","https://github.com/mui/material-ui"
"@mui/styled-engine@7.1.0","MIT","https://github.com/mui/material-ui"
"@mui/styles@6.4.8","MIT","https://github.com/mui/material-ui"
"@mui/system@7.1.0","MIT","https://github.com/mui/material-ui"
"@mui/types@7.4.2","MIT","https://github.com/mui/material-ui"
"@mui/utils@7.1.0","MIT","https://github.com/mui/material-ui"
"@mui/x-data-grid@7.23.0","MIT","https://github.com/mui/mui-x"
"@mui/x-date-pickers@8.3.1","MIT","https://github.com/mui/mui-x"
"@mui/x-internals@7.23.0","MIT","https://github.com/mui/mui-x"
"@mui/x-tree-view@8.3.1","MIT","https://github.com/mui/mui-x"
"@nestjs/axios@4.0.0","MIT","https://github.com/nestjs/axios"
"@nestjs/common@11.1.3","MIT","https://github.com/nestjs/nest"
"@nestjs/core@11.1.3","MIT","https://github.com/nestjs/nest"
"@next-auth/prisma-adapter@1.0.7","ISC","https://github.com/nextauthjs/next-auth"
"@next/env@15.4.3","MIT","https://github.com/vercel/next.js"
"@next/eslint-plugin-next@15.4.3","MIT","https://github.com/vercel/next.js"
"@next/mdx@15.5.3","MIT","https://github.com/vercel/next.js"
"@next/swc-win32-x64-msvc@15.4.3","MIT","https://github.com/vercel/next.js"
"@noble/hashes@1.8.0","MIT","https://github.com/paulmillr/noble-hashes"
"@nodelib/fs.scandir@2.1.5","MIT","https://github.com/nodelib/nodelib/tree/master/packages/fs/fs.scandir"
"@nodelib/fs.stat@2.0.5","MIT","https://github.com/nodelib/nodelib/tree/master/packages/fs/fs.stat"
"@nodelib/fs.walk@1.2.8","MIT","https://github.com/nodelib/nodelib/tree/master/packages/fs/fs.walk"
"@nolyfill/is-core-module@1.0.39","MIT","https://github.com/SukkaW/nolyfill"
"@nuxt/opencollective@0.4.1","MIT","https://github.com/nuxt-contrib/opencollective"
"@nuxtjs/opencollective@0.3.2","MIT","https://github.com/nuxt-contrib/opencollective"
"@openapitools/openapi-generator-cli@2.21.0","Apache-2.0","https://github.com/OpenAPITools/openapi-generator-cli"
"@opentelemetry/api-logs@0.56.0","Apache-2.0","https://github.com/open-telemetry/opentelemetry-js"
"@opentelemetry/api@1.9.0","Apache-2.0","https://github.com/open-telemetry/opentelemetry-js"
"@opentelemetry/core@1.29.0","Apache-2.0","https://github.com/open-telemetry/opentelemetry-js"
"@opentelemetry/instrumentation@0.56.0","Apache-2.0","https://github.com/open-telemetry/opentelemetry-js"
"@opentelemetry/resources@1.29.0","Apache-2.0","https://github.com/open-telemetry/opentelemetry-js"
"@opentelemetry/sdk-logs@0.56.0","Apache-2.0","https://github.com/open-telemetry/opentelemetry-js"
"@opentelemetry/semantic-conventions@1.28.0","Apache-2.0","https://github.com/open-telemetry/opentelemetry-js"
"@panva/hkdf@1.2.1","MIT","https://github.com/panva/hkdf"
"@paralleldrive/cuid2@2.2.2","MIT","https://github.com/ericelliott/cuid2"
"@parcel/watcher-win32-x64@2.5.1","MIT","https://github.com/parcel-bundler/watcher"
"@parcel/watcher@2.5.1","MIT","https://github.com/parcel-bundler/watcher"
"@popperjs/core@2.11.8","MIT","https://github.com/popperjs/popper-core"
"@prisma/client@6.2.1","Apache-2.0","https://github.com/prisma/prisma"
"@prisma/config@6.10.1","Apache-2.0","https://github.com/prisma/prisma"
"@prisma/debug@6.2.1","Apache-2.0","https://github.com/prisma/prisma"
"@prisma/dmmf@6.10.1","Apache-2.0","https://github.com/prisma/prisma"
"@prisma/driver-adapter-utils@6.10.1","Apache-2.0","https://github.com/prisma/prisma"
"@prisma/engines-version@6.2.0-14.4123509d24aa4dede1e864b46351bf2790323b69","Apache-2.0","https://github.com/prisma/engines-wrapper"
"@prisma/engines@6.2.1","Apache-2.0","https://github.com/prisma/prisma"
"@prisma/fetch-engine@6.2.1","Apache-2.0","https://github.com/prisma/prisma"
"@prisma/generator-helper@6.10.1","Apache-2.0","https://github.com/prisma/prisma"
"@prisma/generator@6.10.1","Apache-2.0","https://github.com/prisma/prisma"
"@prisma/get-platform@6.2.1","Apache-2.0","https://github.com/prisma/prisma"
"@prisma/internals@6.10.1","Apache-2.0","https://github.com/prisma/prisma"
"@prisma/prisma-schema-wasm@6.10.1-1.9b628578b3b7cae625e8c927178f15a170e74a9c","Apache-2.0","https://github.com/prisma/prisma-engines"
"@prisma/schema-engine-wasm@6.10.1-1.9b628578b3b7cae625e8c927178f15a170e74a9c","Apache-2.0","https://github.com/prisma/prisma-engines"
"@prisma/schema-files-loader@6.10.1","Apache-2.0","https://github.com/prisma/prisma"
"@protobufjs/aspromise@1.1.2","BSD-3-Clause","https://github.com/dcodeIO/protobuf.js"
"@protobufjs/base64@1.1.2","BSD-3-Clause","https://github.com/dcodeIO/protobuf.js"
"@protobufjs/codegen@2.0.4","BSD-3-Clause","https://github.com/dcodeIO/protobuf.js"
"@protobufjs/eventemitter@1.1.0","BSD-3-Clause","https://github.com/dcodeIO/protobuf.js"
"@protobufjs/fetch@1.1.0","BSD-3-Clause","https://github.com/dcodeIO/protobuf.js"
"@protobufjs/float@1.0.2","BSD-3-Clause","https://github.com/dcodeIO/protobuf.js"
"@protobufjs/inquire@1.1.0","BSD-3-Clause","https://github.com/dcodeIO/protobuf.js"
"@protobufjs/path@1.1.2","BSD-3-Clause","https://github.com/dcodeIO/protobuf.js"
"@protobufjs/pool@1.1.0","BSD-3-Clause","https://github.com/dcodeIO/protobuf.js"
"@protobufjs/utf8@1.1.0","BSD-3-Clause","https://github.com/dcodeIO/protobuf.js"
"@rtsao/scc@1.1.0","MIT","https://github.com/rtsao/scc"
"@rushstack/eslint-patch@1.10.4","MIT","https://github.com/microsoft/rushstack"
"@schummar/icu-type-parser@1.21.5","MIT","https://github.com/schummar/schummar-translate"
"@swc/helpers@0.5.15","Apache-2.0","https://github.com/swc-project/swc"
"@tanstack/query-core@5.59.20","MIT","https://github.com/TanStack/query"
"@tanstack/react-query@5.59.20","MIT","https://github.com/TanStack/query"
"@tokenizer/inflate@0.2.7","MIT","https://github.com/Borewit/tokenizer-inflate"
"@tokenizer/token@0.3.0","MIT","https://github.com/Borewit/tokenizer-token"
"@tootallnate/quickjs-emscripten@0.23.0","MIT","https://github.com/justjake/quickjs-emscripten"
"@trpc/client@11.4.3","MIT","https://github.com/trpc/trpc"
"@trpc/next@11.4.3","MIT","https://github.com/trpc/trpc"
"@trpc/react-query@11.4.3","MIT","https://github.com/trpc/trpc"
"@trpc/server@11.4.3","MIT","https://github.com/trpc/trpc"
"@ts-morph/common@0.17.0","MIT","https://github.com/dsherret/ts-morph"
"@tweenjs/tween.js@25.0.0","MIT","https://github.com/tweenjs/tween.js"
"@types/autosuggest-highlight@3.2.3","MIT","https://github.com/DefinitelyTyped/DefinitelyTyped"
"@types/conventional-commits-parser@5.0.0","MIT","https://github.com/DefinitelyTyped/DefinitelyTyped"
"@types/cookie@0.6.0","MIT","https://github.com/DefinitelyTyped/DefinitelyTyped"
"@types/date-arithmetic@4.1.4","MIT","https://github.com/DefinitelyTyped/DefinitelyTyped"
"@types/json5@0.0.29","MIT","https://github.com/DefinitelyTyped/DefinitelyTyped"
"@types/mdx@2.0.13","MIT","https://github.com/DefinitelyTyped/DefinitelyTyped"
"@types/mssql@9.1.7","MIT","https://github.com/DefinitelyTyped/DefinitelyTyped"
"@types/node@20.17.6","MIT","https://github.com/DefinitelyTyped/DefinitelyTyped"
"@types/parse-json@4.0.2","MIT","https://github.com/DefinitelyTyped/DefinitelyTyped"
"@types/proj4@2.5.6","MIT","https://github.com/DefinitelyTyped/DefinitelyTyped"
"@types/prop-types@15.7.14","MIT","https://github.com/DefinitelyTyped/DefinitelyTyped"
"@types/react-big-calendar@1.16.2","MIT","https://github.com/DefinitelyTyped/DefinitelyTyped"
"@types/react-dom@19.1.6","MIT","https://github.com/DefinitelyTyped/DefinitelyTyped"
"@types/react-transition-group@4.4.12","MIT","https://github.com/DefinitelyTyped/DefinitelyTyped"
"@types/react@19.1.8","MIT","https://github.com/DefinitelyTyped/DefinitelyTyped"
"@types/readable-stream@4.0.21","MIT","https://github.com/DefinitelyTyped/DefinitelyTyped"
"@types/shimmer@1.2.0","MIT","https://github.com/DefinitelyTyped/DefinitelyTyped"
"@types/trusted-types@2.0.7","MIT","https://github.com/DefinitelyTyped/DefinitelyTyped"
"@typescript-eslint/eslint-plugin@8.14.0","MIT","https://github.com/typescript-eslint/typescript-eslint"
"@typescript-eslint/parser@8.14.0","BSD-2-Clause","https://github.com/typescript-eslint/typescript-eslint"
"@typescript-eslint/scope-manager@8.14.0","MIT","https://github.com/typescript-eslint/typescript-eslint"
"@typescript-eslint/type-utils@8.14.0","MIT","https://github.com/typescript-eslint/typescript-eslint"
"@typescript-eslint/types@8.14.0","MIT","https://github.com/typescript-eslint/typescript-eslint"
"@typescript-eslint/typescript-estree@8.14.0","BSD-2-Clause","https://github.com/typescript-eslint/typescript-eslint"
"@typescript-eslint/utils@8.14.0","MIT","https://github.com/typescript-eslint/typescript-eslint"
"@typescript-eslint/visitor-keys@8.14.0","MIT","https://github.com/typescript-eslint/typescript-eslint"
"@typespec/ts-http-runtime@0.3.0","MIT","https://github.com/Azure/azure-sdk-for-js"
"@ungap/structured-clone@1.2.0","ISC","https://github.com/ungap/structured-clone"
"@vercel/otel@1.10.0","MIT",""
"@zenstackhq/language@2.16.0","MIT",""
"@zenstackhq/runtime@2.14.2","MIT","https://github.com/zenstackhq/zenstack"
"@zenstackhq/sdk@2.16.0","MIT",""
"@zenstackhq/trpc@2.16.0","MIT","https://github.com/zenstackhq/zenstack"
"@zip.js/zip.js@2.7.61","BSD-3-Clause","https://github.com/gildas-lormeau/zip.js"
"JSONStream@1.3.5","(MIT OR Apache-2.0)","https://github.com/dominictarr/JSONStream"
"abort-controller@3.0.0","MIT","https://github.com/mysticatea/abort-controller"
"acorn-import-attributes@1.9.5","MIT","https://github.com/xtuc/acorn-import-attributes"
"acorn-jsx@5.3.2","MIT","https://github.com/acornjs/acorn-jsx"
"acorn@8.14.0","MIT","https://github.com/acornjs/acorn"
"agent-base@7.1.4","MIT","https://github.com/TooTallNate/proxy-agents"
"ajv@6.12.6","MIT","https://github.com/ajv-validator/ajv"
"ansi-escapes@4.3.2","MIT","https://github.com/sindresorhus/ansi-escapes"
"ansi-regex@5.0.1","MIT","https://github.com/chalk/ansi-regex"
"ansi-styles@3.2.1","MIT","https://github.com/chalk/ansi-styles"
"archiver-utils@2.1.0","MIT","https://github.com/archiverjs/archiver-utils"
"archiver@5.3.2","MIT","https://github.com/archiverjs/node-archiver"
"arg@5.0.2","MIT","https://github.com/vercel/arg"
"argparse@2.0.1","Python-2.0","https://github.com/nodeca/argparse"
"aria-query@5.3.2","Apache-2.0","https://github.com/A11yance/aria-query"
"array-buffer-byte-length@1.0.2","MIT","https://github.com/inspect-js/array-buffer-byte-length"
"array-ify@1.0.0","MIT","https://github.com/stevemao/array-ify"
"array-includes@3.1.8","MIT","https://github.com/es-shims/array-includes"
"array.prototype.findlast@1.2.5","MIT","https://github.com/es-shims/Array.prototype.findLast"
"array.prototype.findlastindex@1.2.5","MIT","https://github.com/es-shims/Array.prototype.findLastIndex"
"array.prototype.flat@1.3.2","MIT","https://github.com/es-shims/Array.prototype.flat"
"array.prototype.flatmap@1.3.2","MIT","https://github.com/es-shims/Array.prototype.flatMap"
"array.prototype.tosorted@1.1.4","MIT","https://github.com/es-shims/Array.prototype.toSorted"
"arraybuffer.prototype.slice@1.0.4","MIT","https://github.com/es-shims/ArrayBuffer.prototype.slice"
"ast-types-flow@0.0.8","MIT","https://github.com/kyldvs/ast-types-flow"
"ast-types@0.13.4","MIT","https://github.com/benjamn/ast-types"
"async-exit-hook@2.0.1","MIT","https://github.com/tapppi/async-exit-hook"
"async@3.2.6","MIT","https://github.com/caolan/async"
"asynckit@0.4.0","MIT","https://github.com/alexindigo/asynckit"
"at-least-node@1.0.0","ISC","https://github.com/RyanZim/at-least-node"
"attr-accept@2.2.5","MIT","https://github.com/react-dropzone/attr-accept"
"autolinker@4.1.5","MIT","https://github.com/gregjacobs/Autolinker.js"
"autosuggest-highlight@3.3.4","MIT","https://github.com/moroshko/autosuggest-highlight"
"available-typed-arrays@1.0.7","MIT","https://github.com/inspect-js/available-typed-arrays"
"axe-core@4.10.2","MPL-2.0","https://github.com/dequelabs/axe-core"
"axios@1.10.0","MIT","https://github.com/axios/axios"
"axobject-query@4.1.0","Apache-2.0","https://github.com/A11yance/axobject-query"
"babel-plugin-macros@3.1.0","MIT","https://github.com/kentcdodds/babel-plugin-macros"
"balanced-match@1.0.2","MIT","https://github.com/juliangruber/balanced-match"
"base64-js@1.5.1","MIT","https://github.com/beatgammit/base64-js"
"basic-ftp@5.0.5","MIT","https://github.com/patrickjuchli/basic-ftp"
"bcryptjs@2.4.3","MIT","https://github.com/dcodeIO/bcrypt.js"
"big-integer@1.6.52","Unlicense","https://github.com/peterolson/BigInteger.js"
"binary@0.3.0","MIT","https://github.com/substack/node-binary"
"bitmap-sdf@1.0.4","MIT","https://github.com/dfcreative/bitmap-sdf"
"bl@4.1.0","MIT","https://github.com/rvagg/bl"
"bluebird@3.4.7","MIT","https://github.com/petkaantonov/bluebird"
"brace-expansion@1.1.11","MIT","https://github.com/juliangruber/brace-expansion"
"braces@3.0.3","MIT","https://github.com/micromatch/braces"
"buffer-crc32@0.2.13","MIT","https://github.com/brianloveswords/buffer-crc32"
"buffer-equal-constant-time@1.0.1","BSD-3-Clause","https://github.com/goinstant/buffer-equal-constant-time"
"buffer-indexof-polyfill@1.0.2","MIT","https://github.com/sarosia/buffer-indexof-polyfill"
"buffer@6.0.3","MIT","https://github.com/feross/buffer"
"buffers@0.1.1","Custom: http://github.com/substack/node-bufferlist","https://github.com/substack/node-buffers"
"bullmq@5.56.1","MIT","https://github.com/taskforcesh/bullmq"
"bundle-name@4.1.0","MIT","https://github.com/sindresorhus/bundle-name"
"cachedir@2.3.0","MIT","https://github.com/LinusU/node-cachedir"
"call-bind-apply-helpers@1.0.2","MIT","https://github.com/ljharb/call-bind-apply-helpers"
"call-bind@1.0.8","MIT","https://github.com/ljharb/call-bind"
"call-bound@1.0.4","MIT","https://github.com/ljharb/call-bound"
"callsites@3.1.0","MIT","https://github.com/sindresorhus/callsites"
"camel-case@4.1.2","MIT","https://github.com/blakeembrey/change-case"
"caniuse-lite@1.0.30001680","CC-BY-4.0","https://github.com/browserslist/caniuse-lite"
"capital-case@1.0.4","MIT","https://github.com/blakeembrey/change-case"
"cesium@1.129.0","Apache-2.0","https://github.com/CesiumGS/cesium"
"chainsaw@0.1.0","MIT*","https://github.com/substack/node-chainsaw"
"chalk@4.1.2","MIT","https://github.com/chalk/chalk"
"change-case@4.1.2","MIT","https://github.com/blakeembrey/change-case"
"chardet@0.7.0","MIT","https://github.com/runk/node-chardet"
"chevrotain-allstar@0.1.7","MIT","https://github.com/langium/chevrotain-allstar"
"chevrotain@10.4.2","Apache-2.0","https://github.com/Chevrotain/chevrotain"
"chokidar@4.0.3","MIT","https://github.com/paulmillr/chokidar"
"cjs-module-lexer@1.4.1","MIT","https://github.com/nodejs/cjs-module-lexer"
"classnames@2.5.1","MIT","https://github.com/JedWatson/classnames"
"cli-cursor@3.1.0","MIT","https://github.com/sindresorhus/cli-cursor"
"cli-spinners@2.9.2","MIT","https://github.com/sindresorhus/cli-spinners"
"cli-width@3.0.0","ISC","https://github.com/knownasilya/cli-width"
"client-only@0.0.1","MIT",""
"cliui@8.0.1","ISC","https://github.com/yargs/cliui"
"clone@1.0.4","MIT","https://github.com/pvorb/node-clone"
"clsx@2.1.1","MIT","https://github.com/lukeed/clsx"
"cluster-key-slot@1.1.2","Apache-2.0","https://github.com/Salakar/cluster-key-slot"
"code-block-writer@11.0.3","MIT","https://github.com/dsherret/code-block-writer"
"color-convert@2.0.1","MIT","https://github.com/Qix-/color-convert"
"color-name@1.1.4","MIT","https://github.com/colorjs/color-name"
"color-string@1.9.1","MIT","https://github.com/Qix-/color-string"
"color@4.2.3","MIT","https://github.com/Qix-/color"
"colors@1.4.0","MIT","https://github.com/Marak/colors.js"
"combined-stream@1.0.8","MIT","https://github.com/felixge/node-combined-stream"
"commander@8.3.0","MIT","https://github.com/tj/commander.js"
"commitizen@4.3.1","MIT","https://github.com/commitizen/cz-cli"
"commitlint@19.6.0","MIT","https://github.com/conventional-changelog/commitlint"
"compare-func@2.0.0","MIT","https://github.com/stevemao/compare-func"
"compare-versions@4.1.4","MIT","https://github.com/omichelsen/compare-versions"
"compress-commons@4.1.2","MIT","https://github.com/archiverjs/node-compress-commons"
"concat-map@0.0.1","MIT","https://github.com/substack/node-concat-map"
"concurrently@6.5.1","MIT","https://github.com/open-cli-tools/concurrently"
"consola@2.15.3","MIT","https://github.com/nuxt/consola"
"console.table@0.10.0","MIT","https://github.com/bahmutov/console.table"
"constant-case@3.0.4","MIT","https://github.com/blakeembrey/change-case"
"conventional-changelog-angular@7.0.0","ISC","https://github.com/conventional-changelog/conventional-changelog"
"conventional-changelog-conventionalcommits@7.0.2","ISC","https://github.com/conventional-changelog/conventional-changelog"
"conventional-commit-types@3.0.0","ISC","https://github.com/commitizen/conventional-commit-types"
"conventional-commits-parser@5.0.0","MIT","https://github.com/conventional-changelog/conventional-changelog"
"convert-source-map@1.9.0","MIT","https://github.com/thlorenz/convert-source-map"
"cookie@0.7.1","MIT","https://github.com/jshttp/cookie"
"copy-anything@3.0.5","MIT","https://github.com/mesqueeb/copy-anything"
"core-util-is@1.0.3","MIT","https://github.com/isaacs/core-util-is"
"cosmiconfig-typescript-loader@5.1.0","MIT","https://github.com/Codex-/cosmiconfig-typescript-loader"
"cosmiconfig@9.0.0","MIT","https://github.com/cosmiconfig/cosmiconfig"
"crc-32@1.2.2","Apache-2.0","https://github.com/SheetJS/js-crc32"
"crc32-stream@4.0.3","MIT","https://github.com/archiverjs/node-crc32-stream"
"cron-parser@4.9.0","MIT","https://github.com/harrisiirak/cron-parser"
"cross-spawn@7.0.5","MIT","https://github.com/moxystudio/node-cross-spawn"
"csstype@3.1.3","MIT","https://github.com/frenic/csstype"
"cz-conventional-changelog@3.3.0","MIT","https://github.com/commitizen/cz-conventional-changelog"
"damerau-levenshtein@1.0.8","BSD-2-Clause","https://github.com/tad-lispy/node-damerau-levenshtein"
"dargs@8.1.0","MIT","https://github.com/sindresorhus/dargs"
"data-uri-to-buffer@6.0.2","MIT","https://github.com/TooTallNate/proxy-agents"
"data-view-buffer@1.0.2","MIT","https://github.com/inspect-js/data-view-buffer"
"data-view-byte-length@1.0.2","MIT","https://github.com/inspect-js/data-view-byte-length"
"data-view-byte-offset@1.0.1","MIT","https://github.com/inspect-js/data-view-byte-offset"
"date-fns@2.30.0","MIT","https://github.com/date-fns/date-fns"
"dayjs@1.11.13","MIT","https://github.com/iamkun/dayjs"
"debug@4.3.7","MIT","https://github.com/debug-js/debug"
"decimal.js-light@2.5.1","MIT","https://github.com/MikeMcl/decimal.js-light"
"dedent@0.7.0","MIT","https://github.com/dmnd/dedent"
"deep-is@0.1.4","MIT","https://github.com/thlorenz/deep-is"
"deepmerge@4.3.1","MIT","https://github.com/TehShrike/deepmerge"
"default-browser-id@5.0.0","MIT","https://github.com/sindresorhus/default-browser-id"
"default-browser@5.2.1","MIT","https://github.com/sindresorhus/default-browser"
"defaults@1.0.4","MIT","https://github.com/sindresorhus/node-defaults"
"define-data-property@1.1.4","MIT","https://github.com/ljharb/define-data-property"
"define-lazy-prop@3.0.0","MIT","https://github.com/sindresorhus/define-lazy-prop"
"define-properties@1.2.1","MIT","https://github.com/ljharb/define-properties"
"degenerator@5.0.1","MIT","https://github.com/TooTallNate/proxy-agents"
"delayed-stream@1.0.0","MIT","https://github.com/felixge/node-delayed-stream"
"denque@2.1.0","Apache-2.0","https://github.com/invertase/denque"
"detect-file@1.0.0","MIT","https://github.com/doowb/detect-file"
"detect-indent@6.1.0","MIT","https://github.com/sindresorhus/detect-indent"
"detect-libc@2.0.4","Apache-2.0","https://github.com/lovell/detect-libc"
"doctrine@3.0.0","Apache-2.0","https://github.com/eslint/doctrine"
"dom-helpers@5.2.1","MIT","https://github.com/react-bootstrap/dom-helpers"
"dompurify@3.2.5","(MPL-2.0 OR Apache-2.0)","https://github.com/cure53/DOMPurify"
"dot-case@3.0.4","MIT","https://github.com/blakeembrey/change-case"
"dot-prop@5.3.0","MIT","https://github.com/sindresorhus/dot-prop"
"draco3d@1.5.7","Apache-2.0","https://github.com/google/draco"
"dunder-proto@1.0.1","MIT","https://github.com/es-shims/dunder-proto"
"duplexer2@0.1.4","BSD-3-Clause","https://github.com/deoxxa/duplexer2"
"earcut@3.0.1","ISC","https://github.com/mapbox/earcut"
"eastasianwidth@0.2.0","MIT","https://github.com/komagata/eastasianwidth"
"easy-table@1.1.0","MIT","git+https://eldargab@github.com/eldargab/easy-table"
"ecdsa-sig-formatter@1.0.11","Apache-2.0","https://github.com/Brightspace/node-ecdsa-sig-formatter"
"emoji-regex@9.2.2","MIT","https://github.com/mathiasbynens/emoji-regex"
"emphasize@4.2.0","MIT","https://github.com/wooorm/emphasize"
"end-of-stream@1.4.5","MIT","https://github.com/mafintosh/end-of-stream"
"enhanced-resolve@5.17.1","MIT","https://github.com/webpack/enhanced-resolve"
"env-paths@2.2.1","MIT","https://github.com/sindresorhus/env-paths"
"error-ex@1.3.2","MIT","https://github.com/qix-/node-error-ex"
"es-abstract@1.23.9","MIT","https://github.com/ljharb/es-abstract"
"es-define-property@1.0.1","MIT","https://github.com/ljharb/es-define-property"
"es-errors@1.3.0","MIT","https://github.com/ljharb/es-errors"
"es-iterator-helpers@1.2.0","MIT","https://github.com/es-shims/iterator-helpers"
"es-object-atoms@1.1.1","MIT","https://github.com/ljharb/es-object-atoms"
"es-set-tostringtag@2.1.0","MIT","https://github.com/es-shims/es-set-tostringtag"
"es-shim-unscopables@1.0.2","MIT","https://github.com/ljharb/es-shim-unscopables"
"es-to-primitive@1.3.0","MIT","https://github.com/ljharb/es-to-primitive"
"esbuild-register@3.6.0","MIT",""
"esbuild@0.23.1","MIT","https://github.com/evanw/esbuild"
"escalade@3.2.0","MIT","https://github.com/lukeed/escalade"
"escape-string-regexp@4.0.0","MIT","https://github.com/sindresorhus/escape-string-regexp"
"escodegen@2.1.0","BSD-2-Clause","https://github.com/estools/escodegen"
"eslint-config-next@15.4.3","MIT","https://github.com/vercel/next.js"
"eslint-import-resolver-node@0.3.9","MIT","https://github.com/import-js/eslint-plugin-import"
"eslint-import-resolver-typescript@3.6.3","ISC","https://github.com/import-js/eslint-import-resolver-typescript"
"eslint-module-utils@2.12.0","MIT","https://github.com/import-js/eslint-plugin-import"
"eslint-plugin-import@2.31.0","MIT","https://github.com/import-js/eslint-plugin-import"
"eslint-plugin-jsx-a11y@6.10.2","MIT","https://github.com/jsx-eslint/eslint-plugin-jsx-a11y"
"eslint-plugin-react-hooks@5.0.0","MIT","https://github.com/facebook/react"
"eslint-plugin-react@7.37.2","MIT","https://github.com/jsx-eslint/eslint-plugin-react"
"eslint-scope@7.2.2","BSD-2-Clause","https://github.com/eslint/eslint-scope"
"eslint-visitor-keys@3.4.3","Apache-2.0","https://github.com/eslint/eslint-visitor-keys"
"eslint@8.57.1","MIT","https://github.com/eslint/eslint"
"espree@9.6.1","BSD-2-Clause","https://github.com/eslint/espree"
"esprima@4.0.1","BSD-2-Clause","https://github.com/jquery/esprima"
"esquery@1.6.0","BSD-3-Clause","https://github.com/estools/esquery"
"esrecurse@4.3.0","BSD-2-Clause","https://github.com/estools/esrecurse"
"estraverse@5.3.0","BSD-2-Clause","https://github.com/estools/estraverse"
"esutils@2.0.3","BSD-2-Clause","https://github.com/estools/esutils"
"event-target-shim@5.0.1","MIT","https://github.com/mysticatea/event-target-shim"
"events@3.3.0","MIT","https://github.com/Gozala/events"
"exceljs@4.4.0","MIT","https://github.com/exceljs/exceljs"
"expand-tilde@2.0.2","MIT","https://github.com/jonschlinkert/expand-tilde"
"external-editor@3.1.0","MIT","https://github.com/mrkmg/node-external-editor"
"fast-csv@4.3.6","MIT","https://github.com/C2FO/fast-csv"
"fast-deep-equal@3.1.3","MIT","https://github.com/epoberezkin/fast-deep-equal"
"fast-glob@3.3.1","MIT","https://github.com/mrmlnc/fast-glob"
"fast-json-stable-stringify@2.1.0","MIT","https://github.com/epoberezkin/fast-json-stable-stringify"
"fast-levenshtein@2.0.6","MIT","https://github.com/hiddentao/fast-levenshtein"
"fast-safe-stringify@2.1.1","MIT","https://github.com/davidmarkclements/fast-safe-stringify"
"fast-uri@3.0.3","BSD-3-Clause","https://github.com/fastify/fast-uri"
"fast-xml-parser@5.2.5","MIT","https://github.com/NaturalIntelligence/fast-xml-parser"
"fastq@1.17.1","ISC","https://github.com/mcollina/fastq"
"fault@1.0.4","MIT","https://github.com/wooorm/fault"
"fflate@0.8.2","MIT","https://github.com/101arrowz/fflate"
"fhhvr-webfrontend@0.2.2","UNLICENSED",""
"figures@3.2.0","MIT","https://github.com/sindresorhus/figures"
"file-entry-cache@6.0.1","MIT","https://github.com/royriojas/file-entry-cache"
"file-selector@2.1.2","MIT","https://github.com/react-dropzone/file-selector"
"file-type@21.0.0","MIT","https://github.com/sindresorhus/file-type"
"fill-range@7.1.1","MIT","https://github.com/jonschlinkert/fill-range"
"find-node-modules@2.1.3","MIT","https://github.com/callumacrae/find-node-modules"
"find-root@1.1.0","MIT","https://github.com/js-n/find-root"
"find-up@5.0.0","MIT","https://github.com/sindresorhus/find-up"
"findup-sync@4.0.0","MIT","https://github.com/gulpjs/findup-sync"
"flat-cache@3.2.0","MIT","https://github.com/jaredwray/flat-cache"
"flatted@3.3.1","ISC","https://github.com/WebReflection/flatted"
"follow-redirects@1.15.9","MIT","https://github.com/follow-redirects/follow-redirects"
"for-each@0.3.5","MIT","https://github.com/Raynos/for-each"
"foreground-child@3.3.1","ISC","https://github.com/tapjs/foreground-child"
"form-data@4.0.3","MIT","https://github.com/form-data/form-data"
"format@0.2.2","MIT","https://github.com/samsonjs/format"
"fs-constants@1.0.0","MIT","https://github.com/mafintosh/fs-constants"
"fs-extra@11.3.0","MIT","https://github.com/jprichardson/node-fs-extra"
"fs.realpath@1.0.0","ISC","https://github.com/isaacs/fs.realpath"
"fstream@1.0.12","ISC","https://github.com/npm/fstream"
"function-bind@1.1.2","MIT","https://github.com/Raynos/function-bind"
"function.prototype.name@1.1.8","MIT","https://github.com/es-shims/Function.prototype.name"
"functions-have-names@1.2.3","MIT","https://github.com/inspect-js/functions-have-names"
"geographiclib-geodesic@2.1.1","MIT","https://github.com/geographiclib/geographiclib-js"
"get-caller-file@2.0.5","ISC","https://github.com/stefanpenner/get-caller-file"
"get-intrinsic@1.3.0","MIT","https://github.com/ljharb/get-intrinsic"
"get-proto@1.0.1","MIT","https://github.com/ljharb/get-proto"
"get-symbol-description@1.1.0","MIT","https://github.com/inspect-js/get-symbol-description"
"get-tsconfig@4.8.1","MIT","https://github.com/privatenumber/get-tsconfig"
"get-uri@6.0.5","MIT","https://github.com/TooTallNate/proxy-agents"
"git-raw-commits@4.0.0","MIT","https://github.com/conventional-changelog/conventional-changelog"
"glob-parent@6.0.2","ISC","https://github.com/gulpjs/glob-parent"
"glob@11.0.3","ISC","https://github.com/isaacs/node-glob"
"global-directory@4.0.1","MIT","https://github.com/sindresorhus/global-directory"
"global-modules@1.0.0","MIT","https://github.com/jonschlinkert/global-modules"
"global-prefix@1.0.2","MIT","https://github.com/jonschlinkert/global-prefix"
"globals@13.24.0","MIT","https://github.com/sindresorhus/globals"
"globalthis@1.0.4","MIT","https://github.com/ljharb/System.global"
"goober@2.1.16","MIT","https://github.com/cristianbote/goober"
"gopd@1.2.0","MIT","https://github.com/ljharb/gopd"
"graceful-fs@4.2.11","ISC","https://github.com/isaacs/node-graceful-fs"
"grapheme-splitter@1.0.4","MIT","https://github.com/orling/grapheme-splitter"
"graphemer@1.4.0","MIT","https://github.com/flmnt/graphemer"
"handlebars@4.7.8","MIT","https://github.com/handlebars-lang/handlebars.js"
"has-bigints@1.0.2","MIT","https://github.com/ljharb/has-bigints"
"has-flag@3.0.0","MIT","https://github.com/sindresorhus/has-flag"
"has-property-descriptors@1.0.2","MIT","https://github.com/inspect-js/has-property-descriptors"
"has-proto@1.2.0","MIT","https://github.com/inspect-js/has-proto"
"has-symbols@1.1.0","MIT","https://github.com/inspect-js/has-symbols"
"has-tostringtag@1.0.2","MIT","https://github.com/inspect-js/has-tostringtag"
"hasown@2.0.2","MIT","https://github.com/inspect-js/hasOwn"
"header-case@2.0.4","MIT","https://github.com/blakeembrey/change-case"
"highlight.js@10.4.1","BSD-3-Clause","https://github.com/highlightjs/highlight.js"
"hoist-non-react-statics@3.3.2","BSD-3-Clause","https://github.com/mridgway/hoist-non-react-statics"
"homedir-polyfill@1.0.3","MIT","https://github.com/doowb/homedir-polyfill"
"http-proxy-agent@7.0.2","MIT","https://github.com/TooTallNate/proxy-agents"
"https-proxy-agent@5.0.0","MIT","https://github.com/TooTallNate/node-https-proxy-agent"
"husky@9.1.7","MIT","https://github.com/typicode/husky"
"iconv-lite@0.6.3","MIT","https://github.com/ashtuchkin/iconv-lite"
"ieee754@1.2.1","BSD-3-Clause","https://github.com/feross/ieee754"
"ignore@5.3.2","MIT","https://github.com/kaelzhang/node-ignore"
"immediate@3.0.6","MIT","https://github.com/calvinmetcalf/immediate"
"immutable@5.1.3","MIT","https://github.com/immutable-js/immutable-js"
"import-fresh@3.3.0","MIT","https://github.com/sindresorhus/import-fresh"
"import-in-the-middle@1.11.3","Apache-2.0","https://github.com/nodejs/import-in-the-middle"
"import-meta-resolve@4.1.0","MIT","https://github.com/wooorm/import-meta-resolve"
"imurmurhash@0.1.4","MIT","https://github.com/jensyt/imurmurhash-js"
"inflight@1.0.6","ISC","https://github.com/npm/inflight"
"inherits@2.0.4","ISC","https://github.com/isaacs/inherits"
"ini@4.1.1","ISC","https://github.com/npm/ini"
"inquirer@8.2.6","MIT","https://github.com/SBoudrias/Inquirer.js"
"internal-slot@1.1.0","MIT","https://github.com/ljharb/internal-slot"
"intl-messageformat@10.7.7","BSD-3-Clause","https://github.com/formatjs/formatjs"
"ioredis@5.6.1","MIT","https://github.com/luin/ioredis"
"ip-address@9.0.5","MIT","https://github.com/beaugunderson/ip-address"
"is-array-buffer@3.0.5","MIT","https://github.com/inspect-js/is-array-buffer"
"is-arrayish@0.3.2","MIT","https://github.com/qix-/node-is-arrayish"
"is-async-function@2.0.0","MIT","https://github.com/inspect-js/is-async-function"
"is-bigint@1.1.0","MIT","https://github.com/inspect-js/is-bigint"
"is-boolean-object@1.2.2","MIT","https://github.com/inspect-js/is-boolean-object"
"is-bun-module@1.2.1","MIT","https://github.com/SunsetTechuila/is-bun-module"
"is-callable@1.2.7","MIT","https://github.com/inspect-js/is-callable"
"is-core-module@2.15.1","MIT","https://github.com/inspect-js/is-core-module"
"is-data-view@1.0.2","MIT","https://github.com/inspect-js/is-data-view"
"is-date-object@1.1.0","MIT","https://github.com/inspect-js/is-date-object"
"is-docker@3.0.0","MIT","https://github.com/sindresorhus/is-docker"
"is-extglob@2.1.1","MIT","https://github.com/jonschlinkert/is-extglob"
"is-finalizationregistry@1.1.1","MIT","https://github.com/inspect-js/is-finalizationregistry"
"is-fullwidth-code-point@3.0.0","MIT","https://github.com/sindresorhus/is-fullwidth-code-point"
"is-generator-function@1.0.10","MIT","https://github.com/inspect-js/is-generator-function"
"is-glob@4.0.3","MIT","https://github.com/micromatch/is-glob"
"is-inside-container@1.0.0","MIT","https://github.com/sindresorhus/is-inside-container"
"is-interactive@1.0.0","MIT","https://github.com/sindresorhus/is-interactive"
"is-map@2.0.3","MIT","https://github.com/inspect-js/is-map"
"is-number-object@1.1.1","MIT","https://github.com/inspect-js/is-number-object"
"is-number@7.0.0","MIT","https://github.com/jonschlinkert/is-number"
"is-obj@2.0.0","MIT","https://github.com/sindresorhus/is-obj"
"is-path-inside@3.0.3","MIT","https://github.com/sindresorhus/is-path-inside"
"is-plain-object@5.0.0","MIT","https://github.com/jonschlinkert/is-plain-object"
"is-regex@1.2.1","MIT","https://github.com/inspect-js/is-regex"
"is-set@2.0.3","MIT","https://github.com/inspect-js/is-set"
"is-shared-array-buffer@1.0.4","MIT","https://github.com/inspect-js/is-shared-array-buffer"
"is-string@1.1.1","MIT","https://github.com/inspect-js/is-string"
"is-symbol@1.1.1","MIT","https://github.com/inspect-js/is-symbol"
"is-text-path@2.0.0","MIT","https://github.com/sindresorhus/is-text-path"
"is-typed-array@1.1.15","MIT","https://github.com/inspect-js/is-typed-array"
"is-unicode-supported@0.1.0","MIT","https://github.com/sindresorhus/is-unicode-supported"
"is-utf8@0.2.1","MIT","https://github.com/wayfind/is-utf8"
"is-weakmap@2.0.2","MIT","https://github.com/inspect-js/is-weakmap"
"is-weakref@1.1.1","MIT","https://github.com/inspect-js/is-weakref"
"is-weakset@2.0.3","MIT","https://github.com/inspect-js/is-weakset"
"is-what@4.1.16","MIT","https://github.com/mesqueeb/is-what"
"is-windows@1.0.2","MIT","https://github.com/jonschlinkert/is-windows"
"is-wsl@3.1.0","MIT","https://github.com/sindresorhus/is-wsl"
"isarray@1.0.0","MIT","https://github.com/juliangruber/isarray"
"isexe@2.0.0","ISC","https://github.com/isaacs/isexe"
"iterare@1.2.1","ISC","https://github.com/felixfbecker/iterare"
"iterator.prototype@1.1.3","MIT","https://github.com/ljharb/Iterator.prototype"
"jackspeak@4.1.1","BlueOak-1.0.0","https://github.com/isaacs/jackspeak"
"jiti@2.4.2","MIT","https://github.com/unjs/jiti"
"jose@6.0.11","MIT","https://github.com/panva/jose"
"js-md4@0.3.2","MIT","https://github.com/emn178/js-md4"
"js-tokens@4.0.0","MIT","https://github.com/lydell/js-tokens"
"js-yaml@4.1.0","MIT","https://github.com/nodeca/js-yaml"
"jsbn@1.1.0","MIT","https://github.com/andyperlitch/jsbn"
"jsep@1.4.0","MIT","https://github.com/EricSmekens/jsep"
"jsesc@3.0.2","MIT","https://github.com/mathiasbynens/jsesc"
"json-buffer@3.0.1","MIT","https://github.com/dominictarr/json-buffer"
"json-parse-even-better-errors@2.3.1","MIT","https://github.com/npm/json-parse-even-better-errors"
"json-schema-traverse@0.4.1","MIT","https://github.com/epoberezkin/json-schema-traverse"
"json-stable-stringify-without-jsonify@1.0.1","MIT","https://github.com/samn/json-stable-stringify"
"json5@1.0.2","MIT","https://github.com/json5/json5"
"jsonfile@6.1.0","MIT","https://github.com/jprichardson/node-jsonfile"
"jsonparse@1.3.1","MIT","https://github.com/creationix/jsonparse"
"jsonwebtoken@9.0.2","MIT","https://github.com/auth0/node-jsonwebtoken"
"jsx-ast-utils@3.3.5","MIT","https://github.com/jsx-eslint/jsx-ast-utils"
"jszip@3.10.1","(MIT OR GPL-3.0-or-later)","https://github.com/Stuk/jszip"
"jwa@1.4.2","MIT","https://github.com/brianloveswords/node-jwa"
"jws@3.2.2","MIT","https://github.com/brianloveswords/node-jws"
"kdbush@4.0.2","ISC","https://github.com/mourner/kdbush"
"keyv@4.5.4","MIT","https://github.com/jaredwray/keyv"
"kleur@3.0.3","MIT","https://github.com/lukeed/kleur"
"ktx-parse@1.0.0","MIT","https://github.com/donmccurdy/ktx-parse"
"langium@1.3.1","MIT","https://github.com/eclipse-langium/langium"
"language-subtag-registry@0.3.23","CC0-1.0","https://github.com/mattcg/language-subtag-registry"
"language-tags@1.0.9","MIT","https://github.com/mattcg/language-tags"
"lazystream@1.0.1","MIT","https://github.com/jpommerening/node-lazystream"
"lerc@2.0.0","Apache-2.0","https://github.com/Esri/lerc"
"levn@0.4.1","MIT","https://github.com/gkz/levn"
"license-checker@25.0.1","BSD-3-Clause","https://github.com/davglass/license-checker"
"lie@3.3.0","MIT","https://github.com/calvinmetcalf/lie"
"lines-and-columns@1.2.4","MIT","https://github.com/eventualbuddha/lines-and-columns"
"listenercount@1.0.1","ISC","https://github.com/jden/node-listenercount"
"load-esm@1.0.2","MIT","https://github.com/Borewit/load-esm"
"locate-path@6.0.0","MIT","https://github.com/sindresorhus/locate-path"
"lodash.camelcase@4.3.0","MIT","https://github.com/lodash/lodash"
"lodash.defaults@4.2.0","MIT","https://github.com/lodash/lodash"
"lodash.difference@4.5.0","MIT","https://github.com/lodash/lodash"
"lodash.escaperegexp@4.1.2","MIT","https://github.com/lodash/lodash"
"lodash.flatten@4.4.0","MIT","https://github.com/lodash/lodash"
"lodash.groupby@4.6.0","MIT","https://github.com/lodash/lodash"
"lodash.includes@4.3.0","MIT","https://github.com/lodash/lodash"
"lodash.isarguments@3.1.0","MIT","https://github.com/lodash/lodash"
"lodash.isboolean@3.0.3","MIT","https://github.com/lodash/lodash"
"lodash.isequal@4.5.0","MIT","https://github.com/lodash/lodash"
"lodash.isfunction@3.0.9","MIT","https://github.com/lodash/lodash"
"lodash.isinteger@4.0.4","MIT","https://github.com/lodash/lodash"
"lodash.isnil@4.0.0","MIT","https://github.com/lodash/lodash"
"lodash.isnumber@3.0.3","MIT","https://github.com/lodash/lodash"
"lodash.isplainobject@4.0.6","MIT","https://github.com/lodash/lodash"
"lodash.isstring@4.0.1","MIT","https://github.com/lodash/lodash"
"lodash.isundefined@3.0.1","MIT","https://github.com/lodash/lodash"
"lodash.kebabcase@4.1.1","MIT","https://github.com/lodash/lodash"
"lodash.map@4.6.0","MIT","https://github.com/lodash/lodash"
"lodash.merge@4.6.2","MIT","https://github.com/lodash/lodash"
"lodash.mergewith@4.6.2","MIT","https://github.com/lodash/lodash"
"lodash.once@4.1.1","MIT","https://github.com/lodash/lodash"
"lodash.snakecase@4.1.1","MIT","https://github.com/lodash/lodash"
"lodash.startcase@4.4.0","MIT","https://github.com/lodash/lodash"
"lodash.union@4.6.0","MIT","https://github.com/lodash/lodash"
"lodash.uniq@4.5.0","MIT","https://github.com/lodash/lodash"
"lodash.upperfirst@4.3.1","MIT","https://github.com/lodash/lodash"
"lodash@4.17.21","MIT","https://github.com/lodash/lodash"
"log-symbols@4.1.0","MIT","https://github.com/sindresorhus/log-symbols"
"logic-solver@2.0.1","MIT","https://github.com/meteor/logic-solver"
"long@5.3.2","Apache-2.0","https://github.com/dcodeIO/long.js"
"longest@2.0.1","MIT","https://github.com/jonschlinkert/longest"
"loose-envify@1.4.0","MIT","https://github.com/zertosh/loose-envify"
"lower-case-first@2.0.2","MIT","https://github.com/blakeembrey/change-case"
"lower-case@2.0.2","MIT","https://github.com/blakeembrey/change-case"
"lowlight@1.17.0","MIT","https://github.com/wooorm/lowlight"
"lru-cache@7.18.3","ISC","https://github.com/isaacs/node-lru-cache"
"luxon@3.6.1","MIT","https://github.com/moment/luxon"
"matcher@5.0.0","MIT","https://github.com/sindresorhus/matcher"
"material-ui-confirm@4.0.0","MIT","https://github.com/jonatanklosko/material-ui-confirm"
"material-ui-popup-state@5.3.6","MIT","https://github.com/jcoreio/material-ui-popup-state"
"math-intrinsics@1.1.0","MIT","https://github.com/es-shims/math-intrinsics"
"meow@12.1.1","MIT","https://github.com/sindresorhus/meow"
"merge2@1.4.1","MIT","https://github.com/teambition/merge2"
"merge@2.1.1","MIT","https://github.com/yeikos/js.merge"
"mersenne-twister@1.1.0","MIT","https://github.com/boo1ean/mersenne-twister"
"meshoptimizer@0.23.0","MIT","https://github.com/zeux/meshoptimizer"
"mgrs@1.0.0","MIT","https://github.com/proj4js/mgrs"
"micromatch@4.0.8","MIT","https://github.com/micromatch/micromatch"
"mime-db@1.52.0","MIT","https://github.com/jshttp/mime-db"
"mime-types@2.1.35","MIT","https://github.com/jshttp/mime-types"
"mimic-fn@2.1.0","MIT","https://github.com/sindresorhus/mimic-fn"
"minimatch@3.1.2","ISC","https://github.com/isaacs/minimatch"
"minimist@1.2.7","MIT","https://github.com/minimistjs/minimist"
"minipass@7.1.2","ISC","https://github.com/isaacs/minipass"
"mitt@3.0.1","MIT","https://github.com/developit/mitt"
"mixpanel@0.17.0","MIT","https://github.com/mixpanel/mixpanel-node"
"mkdirp@1.0.4","MIT","https://github.com/isaacs/node-mkdirp"
"module-details-from-path@1.0.3","MIT","https://github.com/watson/module-details-from-path"
"moment@2.30.1","MIT","https://github.com/moment/moment"
"ms@2.1.3","MIT","https://github.com/vercel/ms"
"msgpackr-extract@3.0.3","MIT","https://github.com/kriszyp/msgpackr-extract"
"msgpackr@1.11.4","MIT","https://github.com/kriszyp/msgpackr"
"mui-rte@2.0.1","MIT","https://github.com/niuware/mui-rte"
"mute-stream@0.0.8","ISC","https://github.com/isaacs/mute-stream"
"nanoid@3.3.7","MIT","https://github.com/ai/nanoid"
"native-duplexpair@1.0.0","MIT","https://github.com/tediousjs/native-duplexpair"
"natural-compare@1.4.0","MIT","https://github.com/litejs/natural-compare-lite"
"negotiator@1.0.0","MIT","https://github.com/jshttp/negotiator"
"netmask@2.0.2","MIT","https://github.com/rs/node-netmask"
"next-absolute-url@1.2.2","MIT","https://github.com/jekrb/next-absolute-url"
"next-auth@5.0.0-beta.25","ISC","https://github.com/nextauthjs/next-auth"
"next-intl@4.3.4","MIT","https://github.com/amannn/next-intl"
"next@15.4.3","MIT","https://github.com/vercel/next.js"
"no-case@3.0.4","MIT","https://github.com/blakeembrey/change-case"
"node-abort-controller@3.1.1","MIT","https://github.com/southpolesteve/node-abort-controller"
"node-addon-api@7.1.1","MIT","https://github.com/nodejs/node-addon-api"
"node-fetch@2.7.0","MIT","https://github.com/bitinn/node-fetch"
"node-gyp-build-optional-packages@5.2.2","MIT","https://github.com/prebuild/node-gyp-build"
"normalize-path@3.0.0","MIT","https://github.com/jonschlinkert/normalize-path"
"nosleep.js@0.12.0","MIT","https://github.com/richtr/NoSleep.js"
"notistack@3.0.2","MIT","https://github.com/iamhosseindhv/notistack"
"nuqs@2.2.1","MIT","https://github.com/47ng/nuqs"
"oauth4webapi@3.1.4","MIT","https://github.com/panva/oauth4webapi"
"object-assign@4.1.1","MIT","https://github.com/sindresorhus/object-assign"
"object-inspect@1.13.3","MIT","https://github.com/inspect-js/object-inspect"
"object-keys@1.1.1","MIT","https://github.com/ljharb/object-keys"
"object.assign@4.1.7","MIT","https://github.com/ljharb/object.assign"
"object.entries@1.1.8","MIT","https://github.com/es-shims/Object.entries"
"object.fromentries@2.0.8","MIT","https://github.com/es-shims/Object.fromEntries"
"object.groupby@1.0.3","MIT","https://github.com/es-shims/Object.groupBy"
"object.values@1.2.0","MIT","https://github.com/es-shims/Object.values"
"once@1.4.0","ISC","https://github.com/isaacs/once"
"onetime@5.1.2","MIT","https://github.com/sindresorhus/onetime"
"open@10.2.0","MIT","https://github.com/sindresorhus/open"
"optionator@0.9.4","MIT","https://github.com/gkz/optionator"
"ora@5.4.1","MIT","https://github.com/sindresorhus/ora"
"os-tmpdir@1.0.2","MIT","https://github.com/sindresorhus/os-tmpdir"
"own-keys@1.0.1","MIT","https://github.com/ljharb/own-keys"
"p-limit@6.2.0","MIT","https://github.com/sindresorhus/p-limit"
"p-locate@5.0.0","MIT","https://github.com/sindresorhus/p-locate"
"pac-proxy-agent@7.2.0","MIT","https://github.com/TooTallNate/proxy-agents"
"pac-resolver@7.0.1","MIT","https://github.com/TooTallNate/proxy-agents"
"package-json-from-dist@1.0.1","BlueOak-1.0.0","https://github.com/isaacs/package-json-from-dist"
"pako@2.1.0","(MIT AND Zlib)","https://github.com/nodeca/pako"
"param-case@3.0.4","MIT","https://github.com/blakeembrey/change-case"
"parent-module@1.0.1","MIT","https://github.com/sindresorhus/parent-module"
"parse-json@5.2.0","MIT","https://github.com/sindresorhus/parse-json"
"parse-passwd@1.0.0","MIT","https://github.com/doowb/parse-passwd"
"pascal-case@3.1.2","MIT","https://github.com/blakeembrey/change-case"
"path-browserify@1.0.1","MIT","https://github.com/browserify/path-browserify"
"path-case@3.0.4","MIT","https://github.com/blakeembrey/change-case"
"path-exists@4.0.0","MIT","https://github.com/sindresorhus/path-exists"
"path-is-absolute@1.0.1","MIT","https://github.com/sindresorhus/path-is-absolute"
"path-key@3.1.1","MIT","https://github.com/sindresorhus/path-key"
"path-parse@1.0.7","MIT","https://github.com/jbgutierrez/path-parse"
"path-scurry@2.0.0","BlueOak-1.0.0","https://github.com/isaacs/path-scurry"
"path-to-regexp@8.2.0","MIT","https://github.com/pillarjs/path-to-regexp"
"path-type@4.0.0","MIT","https://github.com/sindresorhus/path-type"
"picocolors@1.1.1","ISC","https://github.com/alexeyraspopov/picocolors"
"picomatch@2.3.1","MIT","https://github.com/micromatch/picomatch"
"pkce-challenge@5.0.0","MIT","https://github.com/crouchcd/pkce-challenge"
"pluralize@8.0.0","MIT","https://github.com/blakeembrey/pluralize"
"possible-typed-array-names@1.0.0","MIT","https://github.com/ljharb/possible-typed-array-names"
"postcss@8.4.31","MIT","https://github.com/postcss/postcss"
"preact-render-to-string@5.2.3","MIT","https://github.com/developit/preact-render-to-string"
"preact@10.11.3","MIT","https://github.com/preactjs/preact"
"prelude-ls@1.2.1","MIT","https://github.com/gkz/prelude-ls"
"pretty-format@3.8.0","MIT","https://github.com/thejameskyle/pretty-format"
"pretty-repl@4.0.1","MIT","https://github.com/mongodb-js/pretty-repl"
"prisma-extension-nested-operations@1.0.1","Apache-2.0","https://github.com/olivierwilkinson/prisma-extension-nested-operations"
"prisma@6.2.1","Apache-2.0","https://github.com/prisma/prisma"
"process-nextick-args@2.0.1","MIT","https://github.com/calvinmetcalf/process-nextick-args"
"process@0.11.10","MIT","https://github.com/shtylman/node-process"
"proj4-list@1.0.4","ISC",""
"proj4@2.17.0","MIT","https://github.com/proj4js/proj4js"
"prompts@2.4.2","MIT","https://github.com/terkelg/prompts"
"prop-types@15.8.1","MIT","https://github.com/facebook/prop-types"
"protobufjs@7.5.1","BSD-3-Clause","https://github.com/protobufjs/protobuf.js"
"proxy-agent@6.5.0","MIT","https://github.com/TooTallNate/proxy-agents"
"proxy-from-env@1.1.0","MIT","https://github.com/Rob--W/proxy-from-env"
"punycode@2.3.1","MIT","https://github.com/mathiasbynens/punycode.js"
"queue-microtask@1.2.3","MIT","https://github.com/feross/queue-microtask"
"quickselect@2.0.0","ISC",""
"rbush@3.0.1","MIT","https://github.com/mourner/rbush"
"react-dom@19.1.0","MIT","https://github.com/facebook/react"
"react-dropzone@14.3.8","MIT","https://github.com/react-dropzone/react-dropzone"
"react-error-boundary@6.0.0","MIT","https://github.com/bvaughn/react-error-boundary"
"react-hook-form-mui@7.6.2","MIT","https://github.com/dohomi/react-hook-form-mui"
"react-hook-form@7.57.0","MIT","https://github.com/react-hook-form/react-hook-form"
"react-is@19.1.0","MIT","https://github.com/facebook/react"
"react-transition-group@4.4.5","BSD-3-Clause","https://github.com/reactjs/react-transition-group"
"react@19.1.0","MIT","https://github.com/facebook/react"
"readable-stream@3.6.2","MIT","https://github.com/nodejs/readable-stream"
"readdir-glob@1.1.3","Apache-2.0","https://github.com/Yqnn/node-readdir-glob"
"readdirp@4.1.2","MIT","https://github.com/paulmillr/readdirp"
"redis-errors@1.2.0","MIT","https://github.com/NodeRedis/redis-errors"
"redis-parser@3.0.0","MIT","https://github.com/NodeRedis/node-redis-parser"
"redis@5.8.1","MIT","https://github.com/redis/node-redis"
"reflect-metadata@0.2.2","Apache-2.0","https://github.com/rbuckton/reflect-metadata"
"reflect.getprototypeof@1.0.10","MIT","https://github.com/es-shims/Reflect.getPrototypeOf"
"regenerator-runtime@0.14.1","MIT","https://github.com/facebook/regenerator/tree/main/packages/runtime"
"regexp-to-ast@0.5.0","MIT","https://github.com/bd82/regexp-to-ast"
"regexp.prototype.flags@1.5.3","MIT","https://github.com/es-shims/RegExp.prototype.flags"
"rehype-slug@6.0.0","MIT","https://github.com/rehypejs/rehype-slug"
"remark-gfm@4.0.1","MIT","https://github.com/remarkjs/remark-gfm"
"remark-toc@9.0.0","MIT","https://github.com/remarkjs/remark-toc"
"remove-accents@0.4.4","MIT","https://github.com/tyxla/remove-accents"
"require-directory@2.1.1","MIT","https://github.com/troygoode/node-require-directory"
"require-from-string@2.0.2","MIT","https://github.com/floatdrop/require-from-string"
"require-in-the-middle@7.4.0","MIT","https://github.com/elastic/require-in-the-middle"
"reselect@5.1.1","MIT","https://github.com/reduxjs/reselect"
"resium@1.19.0-beta.1","MIT","https://github.com/reearth/resium"
"resolve-dir@1.0.1","MIT","https://github.com/jonschlinkert/resolve-dir"
"resolve-from@5.0.0","MIT","https://github.com/sindresorhus/resolve-from"
"resolve-pkg-maps@1.0.0","MIT","https://github.com/privatenumber/resolve-pkg-maps"
"resolve@1.22.8","MIT","https://github.com/browserify/resolve"
"restore-cursor@3.1.0","MIT","https://github.com/sindresorhus/restore-cursor"
"reusify@1.0.4","MIT","https://github.com/mcollina/reusify"
"rimraf@3.0.2","ISC","https://github.com/isaacs/rimraf"
"run-applescript@7.0.0","MIT","https://github.com/sindresorhus/run-applescript"
"run-async@2.4.1","MIT","https://github.com/SBoudrias/run-async"
"run-parallel@1.2.0","MIT","https://github.com/feross/run-parallel"
"rxjs-for-await@1.0.0","MIT","https://github.com/benlesh/rxjs-for-await"
"rxjs@7.8.1","Apache-2.0","https://github.com/reactivex/rxjs"
"safe-array-concat@1.1.3","MIT","https://github.com/ljharb/safe-array-concat"
"safe-buffer@5.1.2","MIT","https://github.com/feross/safe-buffer"
"safe-json-stringify@1.2.0","MIT","https://github.com/debitoor/safe-json-stringify"
"safe-push-apply@1.0.0","MIT","https://github.com/ljharb/safe-push-apply"
"safe-regex-test@1.1.0","MIT","https://github.com/ljharb/safe-regex-test"
"safer-buffer@2.1.2","MIT","https://github.com/ChALkeR/safer-buffer"
"sass@1.89.2","MIT","https://github.com/sass/dart-sass"
"saxes@5.0.1","ISC","https://github.com/lddubeau/saxes"
"scheduler@0.26.0","MIT","https://github.com/facebook/react"
"semver@7.6.3","ISC","https://github.com/npm/node-semver"
"sentence-case@3.0.4","MIT","https://github.com/blakeembrey/change-case"
"server-only@0.0.1","MIT",""
"set-function-length@1.2.2","MIT","https://github.com/ljharb/set-function-length"
"set-function-name@2.0.2","MIT","https://github.com/ljharb/set-function-name"
"set-proto@1.0.0","MIT","https://github.com/ljharb/set-proto"
"setimmediate@1.0.5","MIT","https://github.com/YuzuJS/setImmediate"
"sharp@0.34.2","Apache-2.0","https://github.com/lovell/sharp"
"shebang-command@2.0.0","MIT","https://github.com/kevva/shebang-command"
"shebang-regex@3.0.0","MIT","https://github.com/sindresorhus/shebang-regex"
"shimmer@1.2.1","BSD-2-Clause","https://github.com/othiym23/shimmer"
"side-channel-list@1.0.0","MIT","https://github.com/ljharb/side-channel-list"
"side-channel-map@1.0.1","MIT","https://github.com/ljharb/side-channel-map"
"side-channel-weakmap@1.0.2","MIT","https://github.com/ljharb/side-channel-weakmap"
"side-channel@1.1.0","MIT","https://github.com/ljharb/side-channel"
"signal-exit@4.1.0","ISC","https://github.com/tapjs/signal-exit"
"simple-swizzle@0.2.2","MIT","https://github.com/qix-/node-simple-swizzle"
"sisteransi@1.0.5","MIT","https://github.com/terkelg/sisteransi"
"sleep-promise@9.1.0","MIT","https://github.com/brummelte/sleep-promise"
"smart-buffer@4.2.0","MIT","https://github.com/JoshGlazebrook/smart-buffer"
"snake-case@3.0.4","MIT","https://github.com/blakeembrey/change-case"
"socks-proxy-agent@8.0.5","MIT","https://github.com/TooTallNate/proxy-agents"
"socks@2.8.5","MIT","https://github.com/JoshGlazebrook/socks"
"source-map-js@1.2.1","BSD-3-Clause","https://github.com/7rulnik/source-map-js"
"source-map@0.5.7","BSD-3-Clause","https://github.com/mozilla/source-map"
"spawn-command@0.0.2","MIT*",""
"split2@4.2.0","ISC","https://github.com/mcollina/split2"
"sprintf-js@1.1.3","BSD-3-Clause","https://github.com/alexei/sprintf.js"
"standard-as-callback@2.1.0","MIT","https://github.com/luin/asCallback"
"string-width@4.2.3","MIT","https://github.com/sindresorhus/string-width"
"string.prototype.includes@2.0.1","MIT","https://github.com/mathiasbynens/String.prototype.includes"
"string.prototype.matchall@4.0.11","MIT","https://github.com/es-shims/String.prototype.matchAll"
"string.prototype.repeat@1.0.0","MIT","https://github.com/mathiasbynens/String.prototype.repeat"
"string.prototype.trim@1.2.10","MIT","https://github.com/es-shims/String.prototype.trim"
"string.prototype.trimend@1.0.9","MIT","https://github.com/es-shims/String.prototype.trimEnd"
"string.prototype.trimstart@1.0.8","MIT","https://github.com/es-shims/String.prototype.trimStart"
"string_decoder@1.3.0","MIT","https://github.com/nodejs/string_decoder"
"strip-ansi@6.0.1","MIT","https://github.com/chalk/strip-ansi"
"strip-bom@4.0.0","MIT","https://github.com/sindresorhus/strip-bom"
"strip-color@0.1.0","MIT","https://github.com/jonschlinkert/strip-color"
"strip-json-comments@3.1.1","MIT","https://github.com/sindresorhus/strip-json-comments"
"strnum@2.1.1","MIT","https://github.com/NaturalIntelligence/strnum"
"strtok3@10.3.1","MIT","https://github.com/Borewit/strtok3"
"styled-jsx@5.1.6","MIT","https://github.com/vercel/styled-jsx"
"stylis@4.2.0","MIT","https://github.com/thysultan/stylis.js"
"superjson@2.2.1","MIT","https://github.com/blitz-js/superjson"
"supports-color@5.5.0","MIT","https://github.com/chalk/supports-color"
"supports-hyperlinks@2.3.0","MIT","https://github.com/jamestalmage/supports-hyperlinks"
"supports-preserve-symlinks-flag@1.0.0","MIT","https://github.com/inspect-js/node-supports-preserve-symlinks-flag"
"tapable@2.2.1","MIT","https://github.com/webpack/tapable"
"tar-stream@2.2.0","MIT","https://github.com/mafintosh/tar-stream"
"tarn@3.0.2","MIT","https://github.com/vincit/tarn.js"
"tedious@18.6.1","MIT","https://github.com/tediousjs/tedious"
"terminal-link@2.1.1","MIT","https://github.com/sindresorhus/terminal-link"
"text-extensions@2.4.0","MIT","https://github.com/sindresorhus/text-extensions"
"text-table@0.2.0","MIT","https://github.com/substack/text-table"
"through@2.3.8","MIT","https://github.com/dominictarr/through"
"tiny-invariant@1.3.3","MIT","https://github.com/alexreardon/tiny-invariant"
"tinyexec@0.3.1","MIT","https://github.com/tinylibs/tinyexec"
"tmp@0.2.3","MIT","https://github.com/raszi/node-tmp"
"to-regex-range@5.0.1","MIT","https://github.com/micromatch/to-regex-range"
"token-types@6.0.3","MIT","https://github.com/Borewit/token-types"
"topojson-client@3.1.0","ISC","https://github.com/topojson/topojson-client"
"tr46@0.0.3","MIT","https://github.com/Sebmaster/tr46.js"
"traverse@0.6.11","MIT","https://github.com/ljharb/js-traverse"
"tree-kill@1.2.2","MIT","https://github.com/pkrumins/node-tree-kill"
"ts-api-utils@1.4.0","MIT","https://github.com/JoshuaKGoldberg/ts-api-utils"
"ts-morph@16.0.0","MIT","https://github.com/dsherret/ts-morph"
"ts-pattern@4.3.0","MIT","https://github.com/gvergnaud/ts-pattern"
"tsconfig-paths@3.15.0","MIT","https://github.com/dividab/tsconfig-paths"
"tslib@2.8.1","0BSD","https://github.com/Microsoft/tslib"
"tsx@4.19.2","MIT","https://github.com/privatenumber/tsx"
"type-check@0.4.0","MIT","https://github.com/gkz/type-check"
"type-fest@0.20.2","(MIT OR CC0-1.0)","https://github.com/sindresorhus/type-fest"
"typed-array-buffer@1.0.3","MIT","https://github.com/inspect-js/typed-array-buffer"
"typed-array-byte-length@1.0.3","MIT","https://github.com/inspect-js/typed-array-byte-length"
"typed-array-byte-offset@1.0.4","MIT","https://github.com/inspect-js/typed-array-byte-offset"
"typed-array-length@1.0.7","MIT","https://github.com/inspect-js/typed-array-length"
"typedarray.prototype.slice@1.0.5","MIT","https://github.com/es-shims/TypedArray.prototype.slice"
"typescript@5.6.3","Apache-2.0","https://github.com/microsoft/TypeScript"
"uid@2.0.2","MIT","https://github.com/lukeed/uid"
"uint8array-extras@1.4.0","MIT","https://github.com/sindresorhus/uint8array-extras"
"unbox-primitive@1.1.0","MIT","https://github.com/ljharb/unbox-primitive"
"underscore@1.13.7","MIT","https://github.com/jashkenas/underscore"
"undici-types@6.19.8","MIT","https://github.com/nodejs/undici"
"unicorn-magic@0.1.0","MIT","https://github.com/sindresorhus/unicorn-magic"
"universalify@2.0.1","MIT","https://github.com/RyanZim/universalify"
"unzipper@0.10.14","MIT","https://github.com/ZJONSSON/node-unzipper"
"upper-case-first@2.0.2","MIT","https://github.com/blakeembrey/change-case"
"upper-case@2.0.2","MIT","https://github.com/blakeembrey/change-case"
"uri-js@4.4.1","BSD-2-Clause","https://github.com/garycourt/uri-js"
"urijs@1.19.11","MIT","https://github.com/medialize/URI.js"
"use-intl@4.3.4","MIT","https://github.com/amannn/next-intl/tree/main/packages/use-intl"
"use-sync-external-store@1.5.0","MIT","https://github.com/facebook/react"
"util-deprecate@1.0.2","MIT","https://github.com/TooTallNate/util-deprecate"
"uuid@9.0.1","MIT","https://github.com/uuidjs/uuid"
"vscode-jsonrpc@8.2.1","MIT","https://github.com/Microsoft/vscode-languageserver-node"
"vscode-languageclient@8.1.0","MIT","https://github.com/Microsoft/vscode-languageserver-node"
"vscode-languageserver-protocol@3.17.3","MIT","https://github.com/Microsoft/vscode-languageserver-node"
"vscode-languageserver-textdocument@1.0.12","MIT","https://github.com/Microsoft/vscode-languageserver-node"
"vscode-languageserver-types@3.17.3","MIT","https://github.com/Microsoft/vscode-languageserver-node"
"vscode-languageserver@8.1.0","MIT","https://github.com/Microsoft/vscode-languageserver-node"
"vscode-uri@3.1.0","MIT","https://github.com/microsoft/vscode-uri"
"wcwidth@1.0.1","MIT","https://github.com/timoxley/wcwidth"
"webidl-conversions@3.0.1","BSD-2-Clause","https://github.com/jsdom/webidl-conversions"
"whatwg-url@5.0.0","MIT","https://github.com/jsdom/whatwg-url"
"which-boxed-primitive@1.1.1","MIT","https://github.com/inspect-js/which-boxed-primitive"
"which-builtin-type@1.2.1","MIT","https://github.com/inspect-js/which-builtin-type"
"which-collection@1.0.2","MIT","https://github.com/inspect-js/which-collection"
"which-typed-array@1.1.19","MIT","https://github.com/inspect-js/which-typed-array"
"which@2.0.2","ISC","https://github.com/isaacs/node-which"
"wkt-parser@1.5.2","MIT","https://github.com/proj4js/wkt-parser"
"word-wrap@1.2.5","MIT","https://github.com/jonschlinkert/word-wrap"
"wrap-ansi@7.0.0","MIT","https://github.com/chalk/wrap-ansi"
"wrappy@1.0.2","ISC","https://github.com/npm/wrappy"
"wsl-utils@0.1.0","MIT","https://github.com/sindresorhus/wsl-utils"
"xmlchars@2.2.0","MIT","https://github.com/lddubeau/xmlchars"
"y18n@5.0.8","ISC","https://github.com/yargs/y18n"
"yaml@1.10.2","ISC","https://github.com/eemeli/yaml"
"yargs-parser@21.1.1","ISC","https://github.com/yargs/yargs-parser"
"yargs@17.7.2","MIT","https://github.com/yargs/yargs"
"yocto-queue@0.1.0","MIT","https://github.com/sindresorhus/yocto-queue"
"zenstack@2.14.2","MIT","https://github.com/zenstackhq/zenstack"
"zip-stream@4.1.1","MIT","https://github.com/archiverjs/node-zip-stream"
"zod-validation-error@1.5.0","MIT","https://github.com/causaly/zod-validation-error"
"zod@3.23.8","MIT","https://github.com/colinhacks/zod"
"zustand@5.0.4","MIT","https://github.com/pmndrs/zustand"